,x,TaxID
1,"lcl|FO082843.1_cds_CCF64008.1_1 [gene=cbbL] [locus_tag=NOCYR_3243] [db_xref=EnsemblGenomes-Gn:NOCYR_3243,EnsemblGenomes-Tr:CCF64008,GOA:H6QYF8,InterPro:IPR000685,InterPro:IPR017443,InterPro:IPR017444,InterPro:IPR020878,InterPro:IPR020888,UniProtKB/TrEMBL:H6QYF8] [protein=Ribulose bisphosphate carboxylase large chain 2 (RuBisCO large subunit 2)] [protein_id=CCF64008.1] [location=complement(3595832..3597274)] [gbkey=CDS]",135487
2,lcl|CP018082.1_cds_APE34591.1_1 [locus_tag=BOX37_12195] [protein=ribulose-bisphosphate carboxylase large subunit] [protein_id=APE34591.1] [location=2725515..2726957] [gbkey=CDS],2213200
3,lcl|CP041695.1_cds_QDP79558.1_1 [locus_tag=FOH10_13440] [protein=form I ribulose bisphosphate carboxylase large subunit] [protein_id=QDP79558.1] [location=complement(3049102..3050544)] [gbkey=CDS],1823
4,lcl|CP017839.1_cds_APA98613.1_1 [gene=rbcL] [locus_tag=NS506_04565] [db_xref=UniProtKB/Swiss-Prot:P0C2C2] [protein=Ribulose-bisphosphate carboxylase] [protein_id=APA98613.1] [location=4814983..4816431] [gbkey=CDS],37332
5,lcl|CP023778.1_cds_ATL67803.1_1 [gene=rbcL] [locus_tag=CRH09_17990] [protein=ribulose-bisphosphate carboxylase large subunit] [protein_id=ATL67803.1] [location=4052696..4054138] [gbkey=CDS],455432
6,lcl|CP019882.1_cds_AQT80891.1_1 [gene=rbcL] [locus_tag=B1R94_18940] [protein=ribulose-bisphosphate carboxylase large subunit] [protein_id=AQT80891.1] [location=complement(3996520..3997950)] [gbkey=CDS],758802
7,"lcl|AF005523.1_cds_AAC96037.1_1 [gene=rbcL] [protein=ribulose-1,5-bisphosphate carboxylase/oxygenase large subunit] [protein_id=AAC96037.1] [location=<1..1320] [gbkey=CDS]",61548
8,"lcl|AF005531.1_cds_AAC96045.1_1 [gene=rbcL] [protein=ribulose-1,5-bisphosphate carboxylase/oxygenase large subunit] [protein_id=AAC96045.1] [location=<1..1320] [gbkey=CDS]",61549
9,"lcl|AF005527.1_cds_AAC96041.1_1 [gene=rbcL] [protein=ribulose-1,5-bisphosphate carboxylase/oxygenase large subunit] [protein_id=AAC96041.1] [location=<1..1320] [gbkey=CDS]",61554
10,"lcl|AF005526.1_cds_AAC96040.1_1 [gene=rbcL] [protein=ribulose-1,5-bisphosphate carboxylase/oxygenase large subunit] [protein_id=AAC96040.1] [location=<1..1320] [gbkey=CDS]",61555
11,"lcl|MK521877.1_cds_QBX99207.1_1 [gene=rbcL] [protein=ribulose-1,5-bisphosphate carboxylase/oxygenase large subunit] [protein_id=QBX99207.1] [location=complement(25414..26841)] [gbkey=CDS]",2564002
12,"lcl|AF005524.1_cds_AAC96038.1_1 [gene=rbcL] [protein=ribulose-1,5-bisphosphate carboxylase/oxygenase large subunit] [protein_id=AAC96038.1] [location=<1..1320] [gbkey=CDS]",61513
13,"lcl|AB279620.1_cds_BAM65609.1_1 [gene=rbcL] [protein=ribulose-1,5-bisphosphate carboxylase/oxygenase large subunit] [protein_id=BAM65609.1] [location=1..1428] [gbkey=CDS]",408847
14,"lcl|AB279621.1_cds_BAM65610.1_1 [gene=rbcL] [protein=ribulose-1,5-bisphosphate carboxylase/oxygenase large subunit] [protein_id=BAM65610.1] [location=1..1428] [gbkey=CDS]",408848
15,"lcl|AB279622.1_cds_BAM65611.1_1 [gene=rbcL] [protein=ribulose-1,5-bisphosphate carboxylase/oxygenase large subunit] [protein_id=BAM65611.1] [location=1..1428] [gbkey=CDS]",408849
16,"lcl|AF005528.1_cds_AAC96042.1_1 [gene=rbcL] [protein=ribulose-1,5-bisphosphate carboxylase/oxygenase large subunit] [protein_id=AAC96042.1] [location=<1..1320] [gbkey=CDS]",61558
17,"lcl|AB194960.2_cds_BAD98508.2_1 [gene=rbcL] [protein=ribulose-1,5-bisphosphate carboxylase/oxygenase large subunit] [protein_id=BAD98508.2] [location=1..1428] [gbkey=CDS]",301181
18,"lcl|AF005529.1_cds_AAC96043.1_1 [gene=rbcL] [protein=ribulose-1,5-bisphosphate carboxylase/oxygenase large subunit] [protein_id=AAC96043.1] [location=<1..1320] [gbkey=CDS]",61559
19,"lcl|AB279623.1_cds_BAM65612.1_1 [gene=rbcL] [protein=ribulose-1,5-bisphosphate carboxylase/oxygenase large subunit] [protein_id=BAM65612.1] [location=1..1428] [gbkey=CDS]",408850
20,"lcl|AF005530.1_cds_AAC96044.1_1 [gene=rbcL] [protein=ribulose-1,5-bisphosphate carboxylase/oxygenase large subunit] [protein_id=AAC96044.1] [location=<1..1320] [gbkey=CDS]",61560
21,"lcl|AF005525.1_cds_AAC96039.1_1 [gene=rbcL] [protein=ribulose-1,5-bisphosphate carboxylase/oxygenase large subunit] [protein_id=AAC96039.1] [location=<1..1320] [gbkey=CDS]",61556
22,"lcl|AF005537.1_cds_AAC96051.1_1 [gene=rbcL] [protein=ribulose-1,5-bisphosphate carboxylase/oxygenase large subunit] [protein_id=AAC96051.1] [location=<1..1320] [gbkey=CDS]",61564
23,"lcl|AF005538.1_cds_AAC96052.1_1 [gene=rbcL] [protein=ribulose-1,5-bisphosphate carboxylase/oxygenase large subunit] [protein_id=AAC96052.1] [location=<1..1320] [gbkey=CDS]",61562
24,"lcl|AB279617.1_cds_BAM65606.1_1 [gene=rbcL] [protein=ribulose-1,5-bisphosphate carboxylase/oxygenase large subunit] [protein_id=BAM65606.1] [location=1..1428] [gbkey=CDS]",408845
25,"lcl|AY452692.1_cds_AAS17010.1_1 [gene=rbcL] [protein=ribulose-1,5-bisphosphate carboxylase/oxygenase large subunit] [protein_id=AAS17010.1] [location=<1..1320] [gbkey=CDS]",262976
26,"lcl|AF226819.1_cds_AAG53561.1_1 [gene=rbcL] [protein=ribulose-1,5-bisphosphate carboxylase/oxygenase large subunit] [protein_id=AAG53561.1] [location=<1..1347] [gbkey=CDS]",122744
27,"lcl|KP119739.1_cds_AJD22496.1_1 [gene=rbcL] [locus_tag=GU14_p048] [protein=ribulose-1,5-bisphosphate carboxylase/oxygenase large subunit] [protein_id=AJD22496.1] [location=complement(25475..26902)] [gbkey=CDS]",1592803
28,"lcl|AF005536.1_cds_AAC96050.1_1 [gene=rbcL] [protein=ribulose-1,5-bisphosphate carboxylase/oxygenase large subunit] [protein_id=AAC96050.1] [location=<1..1320] [gbkey=CDS]",61563
29,"lcl|AF005522.1_cds_AAC96036.1_1 [gene=rbcL] [protein=ribulose-1,5-bisphosphate carboxylase/oxygenase large subunit] [protein_id=AAC96036.1] [location=<1..1320] [gbkey=CDS]",61569
30,"lcl|AB279618.1_cds_BAM65607.1_1 [gene=rbcL] [protein=ribulose-1,5-bisphosphate carboxylase/oxygenase large subunit] [protein_id=BAM65607.1] [location=1..1428] [gbkey=CDS]",408846
31,"lcl|AF005520.1_cds_AAC96034.1_1 [gene=rbcL] [protein=ribulose-1,5-bisphosphate carboxylase/oxygenase large subunit] [protein_id=AAC96034.1] [location=<1..1320] [gbkey=CDS]",61570
32,"lcl|AF005521.1_cds_AAC96035.1_1 [gene=rbcL] [protein=ribulose-1,5-bisphosphate carboxylase/oxygenase large subunit] [protein_id=AAC96035.1] [location=<1..1320] [gbkey=CDS]",61571
33,"lcl|AY452693.1_cds_AAS17011.1_1 [gene=rbcL] [protein=ribulose-1,5-bisphosphate carboxylase/oxygenase large subunit] [protein_id=AAS17011.1] [location=<1..1320] [gbkey=CDS]",262978
34,lcl|KU725456.1_cds_AND48323.1_1 [gene=rbcL] [protein=large subunit of Rubisco] [protein_id=AND48323.1] [location=complement(29083..30510)] [gbkey=CDS],1846180
35,"lcl|MK521875.1_cds_QBX99043.1_1 [gene=rbcL] [protein=ribulose-1,5-bisphosphate carboxylase/oxygenase large subunit] [protein_id=QBX99043.1] [location=complement(25159..26586)] [gbkey=CDS]",1903712
36,"lcl|AY452694.1_cds_AAS17012.1_1 [gene=rbcL] [protein=ribulose-1,5-bisphosphate carboxylase/oxygenase large subunit] [protein_id=AAS17012.1] [location=<1..1320] [gbkey=CDS]",262980
37,"lcl|AB476602.1_cds_BAI66345.1_1 [gene=rbcL] [protein=ribulose-1,5-bisphosphate carboxylase/oxygenase large subunit] [protein_id=BAI66345.1] [location=1..1428] [gbkey=CDS]",37425
38,"lcl|KJ817846.1_cds_AIB08516.1_1 [gene=rbcL] [protein=ribulose-1,5-bisphosphate carboxylase/oxygenase large subunit] [protein_id=AIB08516.1] [location=complement(26792..28219)] [gbkey=CDS]",37420
39,"lcl|MK521876.1_cds_QBX99125.1_1 [gene=rbcL] [protein=ribulose-1,5-bisphosphate carboxylase/oxygenase large subunit] [protein_id=QBX99125.1] [location=complement(25527..26954)] [gbkey=CDS]",700990
40,"lcl|AB279616.1_cds_BAM65605.1_1 [gene=rbcL] [protein=ribulose-1,5-bisphosphate carboxylase/oxygenase large subunit] [protein_id=BAM65605.1] [location=1..1428] [gbkey=CDS]",140636
41,"lcl|AF005540.1_cds_AAC96054.1_1 [gene=rbcL] [protein=ribulose-1,5-bisphosphate carboxylase/oxygenase large subunit] [protein_id=AAC96054.1] [location=<1..1320] [gbkey=CDS]",61578
42,"lcl|AF005539.1_cds_AAC96053.1_1 [gene=rbcL] [protein=ribulose-1,5-bisphosphate carboxylase/oxygenase large subunit] [protein_id=AAC96053.1] [location=<1..1320] [gbkey=CDS]",61579
43,"lcl|AF005541.1_cds_AAC96055.1_1 [gene=rbcL] [protein=ribulose-1,5-bisphosphate carboxylase/oxygenase large subunit] [protein_id=AAC96055.1] [location=<1..1320] [gbkey=CDS]",61547
44,"lcl|AF005532.1_cds_AAC96046.1_1 [gene=rbcL] [protein=ribulose-1,5-bisphosphate carboxylase/oxygenase large subunit] [protein_id=AAC96046.1] [location=<1..1320] [gbkey=CDS]",61582
45,"lcl|AF005535.1_cds_AAC96049.1_1 [gene=rbcL] [protein=ribulose-1,5-bisphosphate carboxylase/oxygenase large subunit] [protein_id=AAC96049.1] [location=<1..1320] [gbkey=CDS]",61583
46,"lcl|AF005534.1_cds_AAC96048.1_1 [gene=rbcL] [protein=ribulose-1,5-bisphosphate carboxylase/oxygenase large subunit] [protein_id=AAC96048.1] [location=<1..1320] [gbkey=CDS]",61584
47,"lcl|AF005533.1_cds_AAC96047.1_1 [gene=rbcL] [protein=ribulose-1,5-bisphosphate carboxylase/oxygenase large subunit] [protein_id=AAC96047.1] [location=<1..1320] [gbkey=CDS]",61585
48,lcl|CP003587.1_cds_AGY56915.1_1 [gene=rbcL] [locus_tag=GKIL_0669] [protein=ribulose bisophosphate carboxylase] [protein_id=AGY56915.1] [location=complement(713821..715245)] [gbkey=CDS],1416614
49,"lcl|BA000045.2_cds_BAC90097.1_1 [gene=rbcL] [protein=ribulose-1,5-bisphosphate carboxylase/oxygenase large subunit] [protein_id=BAC90097.1] [location=2307046..2308470] [gbkey=CDS]",33072
50,"lcl|CP003659.1_cds_AFZ55644.1_1 [locus_tag=Anacy_0029] [db_xref=InterPro:IPR000685,InterPro:IPR017443,InterPro:IPR017444,InterPro:IPR020878,InterPro:IPR020888] [protein=ribulose 1,5-bisphosphate carboxylase large subunit] [protein_id=AFZ55644.1] [location=34579..36009] [gbkey=CDS]",272123
51,"lcl|LJOQ01000039.1_cds_OBQ10764.1_1 [gene=rbcL] [locus_tag=AN490_07100] [protein=ribulose 1,5-bisphosphate carboxylase] [protein_id=OBQ10764.1] [location=complement(8875..10305)] [gbkey=CDS]",1710891
52,"lcl|LJOT01000120.1_cds_OBQ36830.1_1 [gene=rbcL] [locus_tag=AN487_11915] [protein=ribulose 1,5-bisphosphate carboxylase] [protein_id=OBQ36830.1] [location=complement(10438..11868)] [gbkey=CDS]",1710888
53,"lcl|LJOV01000193.1_cds_OBQ36220.1_1 [gene=rbcL] [locus_tag=AN485_11910] [protein=ribulose 1,5-bisphosphate carboxylase] [protein_id=OBQ36220.1] [location=complement(3509..4939)] [gbkey=CDS]",1710886
54,"lcl|CP011456.1_cds_ALB41756.1_1 [gene=rbcL] [locus_tag=AA650_15960] [protein=ribulose 1,5-bisphosphate carboxylase] [protein_id=ALB41756.1] [location=complement(3647699..3649129)] [gbkey=CDS]",1647413
55,lcl|AP018180.1_cds_BAY31787.1_1 [locus_tag=NIES2107_36730] [protein=ribulose-bisphosphate carboxylase] [protein_id=BAY31787.1] [location=4507098..4508528] [gbkey=CDS],1973483
56,"lcl|AP018326.1_cds_BBD65873.1_1 [locus_tag=NIES4070_22340] [protein=ribulose bisphosphate carboxylase, large chain RbcL] [protein_id=BBD65873.1] [location=2539368..2540798] [gbkey=CDS]",1137087
57,"lcl|LAHI01000140.1_cds_PHK41354.1_1 [gene=rbcL] [locus_tag=VF13_31445] [protein=ribulose 1,5-bisphosphate carboxylase] [protein_id=PHK41354.1] [location=9685..11115] [gbkey=CDS]",1628751
58,"lcl|CP001037.1_cds_ACC82570.1_1 [locus_tag=Npun_F4195] [db_xref=InterPro:IPR000685] [protein=ribulose bisphosphate carboxylase, large chain RbcL] [protein_id=ACC82570.1] [location=5263600..5265030] [gbkey=CDS]",63737
59,"lcl|AP018184.1_cds_BAY39546.1_1 [gene=rbcL] [locus_tag=NIES2111_39220] [protein=ribulose-1,5-bisphosphate carboxylase/oxygenase large subunit] [protein_id=BAY39546.1] [location=complement(4582941..4584371)] [gbkey=CDS]",1973475
60,"lcl|CP045226.1_cds_QFS49268.1_1 [locus_tag=GXM_06762] [protein=rbcL, ribulose-bisphosphate carboxylase large chain] [protein_id=QFS49268.1] [location=6252616..6254046] [gbkey=CDS]",2653204
61,lcl|NTFS01000005.1_cds_PAX60588.1_1 [gene=rbcL] [locus_tag=CK510_00985] [protein=ribulose-bisphosphate carboxylase large subunit] [protein_id=PAX60588.1] [location=22251..23681] [gbkey=CDS],987040
62,lcl|AP018254.1_cds_BAZ04846.1_1 [locus_tag=NIES3974_14890] [protein=ribulose-bisphosphate carboxylase] [protein_id=BAZ04846.1] [location=1875305..1876735] [gbkey=CDS],2005462
63,lcl|AP018255.1_cds_BAZ16966.1_1 [locus_tag=NIES4071_88440] [protein=ribulose-bisphosphate carboxylase] [protein_id=BAZ16966.1] [location=9763667..9765097] [gbkey=CDS],2005469
64,lcl|AP018290.1_cds_BAZ63111.1_1 [locus_tag=NIES4105_88370] [protein=ribulose-bisphosphate carboxylase] [protein_id=BAZ63111.1] [location=9761001..9762431] [gbkey=CDS],2005463
65,"lcl|CP003610.1_cds_AFZ01992.1_1 [locus_tag=Cal6303_3045] [db_xref=InterPro:IPR000685,InterPro:IPR017443,InterPro:IPR017444,InterPro:IPR020878,InterPro:IPR020888] [protein=ribulose 1,5-bisphosphate carboxylase large subunit] [protein_id=AFZ01992.1] [location=complement(3605242..3606672)] [gbkey=CDS]",1170562
66,lcl|AP018280.1_cds_BAZ42712.1_1 [locus_tag=NIES4101_86820] [protein=ribulose-bisphosphate carboxylase] [protein_id=BAZ42712.1] [location=complement(6885102..6886532)] [gbkey=CDS],2005461
67,lcl|AP018233.1_cds_BAY93896.1_1 [gene=rbcL] [locus_tag=NIES3275_59400] [protein=ribulose bisphosphate carboxylase] [protein_id=BAY93896.1] [location=complement(7557728..7559158)] [gbkey=CDS],1973485
68,"lcl|CP003549.1_cds_AFY55923.1_1 [locus_tag=Riv7116_3468] [db_xref=InterPro:IPR000685,InterPro:IPR017443,InterPro:IPR017444,InterPro:IPR020878,InterPro:IPR020888] [protein=ribulose 1,5-bisphosphate carboxylase, large subunit] [protein_id=AFY55923.1] [location=complement(4304946..4306376)] [gbkey=CDS]",373994
69,lcl|MBRF01000002.1_cds_OCQ98652.1_1 [locus_tag=BCR12_03245] [protein=ribulose-bisphosphate carboxylase large subunit] [protein_id=OCQ98652.1] [location=159488..160912] [gbkey=CDS],1880902
70,"lcl|LIRO01000099.1_cds_PIB07953.1_1 [gene=rbcL] [locus_tag=AMR42_14030] [protein=ribulose 1,5-bisphosphate carboxylase] [protein_id=PIB07953.1] [location=11580..13004] [gbkey=CDS]",1704291
71,"lcl|ALWB01000066.1_cds_ELS32946.1_1 [locus_tag=Pse7429DRAFT_1902] [db_xref=InterPro:IPR000685,InterPro:IPR017443,InterPro:IPR017444,InterPro:IPR020878,InterPro:IPR020888] [protein=ribulose 1,5-bisphosphate carboxylase large subunit] [protein_id=ELS32946.1] [location=10760..12190] [gbkey=CDS]",927668
72,lcl|QBML01000008.1_cds_PZO42169.1_1 [gene=rbcL] [locus_tag=DCF19_07960] [protein=ribulose-bisphosphate carboxylase large subunit] [protein_id=PZO42169.1] [location=complement(60783..62213)] [gbkey=CDS],945775
73,lcl|QBLS01000013.1_cds_PZU95930.1_1 [gene=rbcL] [locus_tag=DCE90_10830] [protein=ribulose-bisphosphate carboxylase large subunit] [protein_id=PZU95930.1] [location=complement(14002..15432)] [gbkey=CDS],1153
74,lcl|QBMK01000038.1_cds_PZV11582.1_1 [gene=rbcL] [locus_tag=DCF20_19165] [protein=ribulose-bisphosphate carboxylase large subunit] [protein_id=PZV11582.1] [location=complement(4644..6074)] [gbkey=CDS],1153
75,"lcl|AP017560.1_cds_BBC26154.1_1 [gene=rbcL] [locus_tag=ABRG53_3897] [protein=ribulose-1,5-bisphosphate carboxylase/oxygenase large subunit] [protein_id=BBC26154.1] [location=complement(4316853..4318283)] [gbkey=CDS]",685565
76,"lcl|CP003592.1_cds_AFY69218.1_1 [locus_tag=Pse7367_0918] [db_xref=InterPro:IPR000685,InterPro:IPR017443,InterPro:IPR017444,InterPro:IPR020878,InterPro:IPR020888] [protein=ribulose 1,5-bisphosphate carboxylase large subunit] [protein_id=AFY69218.1] [location=complement(1184484..1185896)] [gbkey=CDS]",82654
77,lcl|NDHW01000083.1_cds_OYQ65395.1_1 [gene=rbcL] [locus_tag=B9G53_07375] [protein=ribulose-bisphosphate carboxylase large subunit] [protein_id=OYQ65395.1] [location=complement(3003..4433)] [gbkey=CDS],1980935
78,lcl|CP030139.1_cds_AZB73040.1_1 [gene=rbcL] [locus_tag=DOP62_10180] [protein=ribulose-bisphosphate carboxylase large subunit] [protein_id=AZB73040.1] [location=complement(2035769..2037187)] [gbkey=CDS],2219813
79,"lcl|AP008231.1_cds_BAD78320.1_1 [gene=rbcL] [locus_tag=syc0130_c] [protein=ribulose-1,5-bisphosphate carboxylase/oxygenase large subunit] [protein_id=BAD78320.1] [location=complement(139920..141338)] [gbkey=CDS]",269084
80,"lcl|CP000100.1_cds_ABB57456.1_1 [locus_tag=Synpcc7942_1426] [db_xref=InterPro:IPR000685] [protein=ribulose-1,5-bisphosphate carboxylase/oxygenase large subunit] [protein_id=ABB57456.1] [location=1479461..1480879] [gbkey=CDS]",1140
81,lcl|CP040360.1_cds_QCS50341.1_1 [locus_tag=FEK30_13435] [protein=form I ribulose bisphosphate carboxylase large subunit] [protein_id=QCS50341.1] [location=complement(2564608..2566023)] [gbkey=CDS],2579791
82,"lcl|CP000951.1_cds_ACA99786.1_1 [gene=rbcL] [locus_tag=SYNPCC7002_A1798] [protein=ribulose-1,5-bisphosphate carboxylase/oxygenase large subunit] [protein_id=ACA99786.1] [location=complement(1882749..1884164)] [gbkey=CDS]",32049
83,"lcl|CP013998.1_cds_AMA09473.1_1 [gene=rbcL] [locus_tag=AWQ23_09165] [protein=ribulose 1,5-bisphosphate carboxylase] [protein_id=AMA09473.1] [location=complement(1898379..1899794)] [gbkey=CDS]",374982
84,lcl|CP016483.1_cds_ANV90809.1_1 [locus_tag=AWQ24_09285] [protein=ribulose-bisphosphate carboxylase large subunit] [protein_id=ANV90809.1] [location=complement(1911060..1912475)] [gbkey=CDS],195248
85,lcl|CP016477.1_cds_ANV87636.1_1 [locus_tag=AWQ22_09280] [protein=ribulose-bisphosphate carboxylase large subunit] [protein_id=ANV87636.1] [location=complement(1921742..1923157)] [gbkey=CDS],195498
86,"lcl|CP003558.1_cds_AFY61139.1_1 [locus_tag=Syn6312_2007] [db_xref=InterPro:IPR000685,InterPro:IPR017443,InterPro:IPR017444,InterPro:IPR020878,InterPro:IPR020888] [protein=ribulose 1,5-bisphosphate carboxylase, large subunit] [protein_id=AFY61139.1] [location=1977136..1978563] [gbkey=CDS]",195253
87,"lcl|KJ123824.1_cds_AHL69546.1_1 [gene=rbcL] [protein=ribulose-1,5-bisphosphate carboxylase/oxygenase large subunit] [protein_id=AHL69546.1] [location=122530..123957] [gbkey=CDS]",120273
88,"lcl|MH390487.1_cds_QBK36602.1_1 [gene=rbcL] [protein=ribulose-1,5-bisphosphate carboxylase/oxygenase large subunit] [protein_id=QBK36602.1] [location=50646..52073] [gbkey=CDS]",1982072
89,"lcl|MH390484.1_cds_QBK36356.1_1 [gene=rbcL] [protein=ribulose-1,5-bisphosphate carboxylase/oxygenase large subunit] [protein_id=QBK36356.1] [location=50723..52150] [gbkey=CDS]",46220
90,"lcl|KC136217.1_cds_AFZ65553.1_1 [gene=rbcL] [protein=ribulose-1,5-bisphosphate carboxylase/oxygenase large subunit] [protein_id=AFZ65553.1] [location=71636..73063] [gbkey=CDS]",147282
91,"lcl|MF977938.1_cds_AXI98084.1_1 [gene=rbcL] [protein=ribulose-1,5-bisphosphate carboxylase/oxygenase large subunit] [protein_id=AXI98084.1] [location=71699..73126] [gbkey=CDS]",89484
92,"lcl|KR476379.1_cds_ALK01248.1_1 [gene=rbcL] [protein=ribulose-1,5-bisphosphate carboxylase/oxygenase large subunit] [protein_id=ALK01248.1] [location=complement(43009..44436)] [gbkey=CDS]",3349
93,"lcl|DQ353733.1_cds_ABD04207.1_1 [gene=rbcL] [protein=ribulose-1,5-bisphosphate carboxylase/oxygenase large subunit] [frame=2] [protein_id=ABD04207.1] [location=<1..1402] [gbkey=CDS]",58042
94,"lcl|JN854197.1_cds_AET48331.1_1 [gene=rbcL] [locus_tag=PCL_5634] [protein=ribulose-1,5-bisphosphate carboxylase/oxygenase large subunit] [protein_id=AET48331.1] [location=complement(42902..44329)] [gbkey=CDS]",71633
95,"lcl|X75478.1_cds_CAA53209.1_1 [gene=rbcL] [db_xref=GOA:P48711,InterPro:IPR000685,InterPro:IPR017443,InterPro:IPR017444,InterPro:IPR020878,InterPro:IPR020888,UniProtKB/Swiss-Prot:P48711] [protein=ribulose-1,5-bisphosphate carboxylase/oxygenase large subunit] [protein_id=CAA53209.1] [location=29..1456] [gbkey=CDS]",3329
96,"lcl|AF456382.1_cds_AAM49707.1_1 [gene=rbcL] [protein=ribulose-1,5-bisphosphate carboxylase/oxygenase large subunit] [protein_id=AAM49707.1] [location=1..1409] [gbkey=CDS]",3331
97,"lcl|AF531203.1_cds_AAP87764.1_1 [protein=ribulose-1,5-bisphosphate carboxylase/oxygenase large subunit] [protein_id=AAP87764.1] [location=<1..1398] [gbkey=CDS]",58033
98,"lcl|LC049070.1_cds_BAR93643.1_1 [gene=rbcL] [protein=ribulose-1,5-bisphosphate carboxylase/oxygenase large subunit] [protein_id=BAR93643.1] [location=58937..60364] [gbkey=CDS]",115877
99,"lcl|AF531204.1_cds_AAP87765.1_1 [protein=ribulose-1,5-bisphosphate carboxylase/oxygenase large subunit] [frame=3] [protein_id=AAP87765.1] [location=<1..1400] [gbkey=CDS]",182487
100,"lcl|AF531205.1_cds_AAP87766.1_1 [protein=ribulose-1,5-bisphosphate carboxylase/oxygenase large subunit] [protein_id=AAP87766.1] [location=<1..1398] [gbkey=CDS]",114456
101,"lcl|JX512653.1_cds_AFS64400.1_1 [gene=rbcL] [protein=ribulose-1,5-bisphosphate carboxylase/oxygenase large subunit] [protein_id=AFS64400.1] [location=complement(29424..30851)] [gbkey=CDS]",707766
102,"lcl|U49223.1_cds_AAA92924.1_1 [gene=rbcL] [protein=ribulose-1,5-bisphosphate carboxylase/oxygenase large subunit] [protein_id=AAA92924.1] [location=1..1440] [gbkey=CDS]",13644
103,"lcl|AY725955.1_cds_AAX18751.1_1 [gene=rbcL] [protein=ribulose-1,5-bisphosphate carboxylase/oxygenase large subunit] [frame=2] [protein_id=AAX18751.1] [location=<1..1408] [gbkey=CDS]",306637
104,"lcl|AY725954.1_cds_AAX18750.1_1 [gene=rbcL] [protein=ribulose-1,5-bisphosphate carboxylase/oxygenase large subunit] [frame=2] [protein_id=AAX18750.1] [location=<1..1408] [gbkey=CDS]",306635
105,"lcl|AJ404843.1_cds_CAC17827.1_1 [gene=rbcL] [db_xref=GOA:Q9GDE2,HSSP:1RBL,InterPro:IPR000685,InterPro:IPR017443,InterPro:IPR017444,InterPro:IPR020878,InterPro:IPR020888,UniProtKB/TrEMBL:Q9GDE2] [protein=ribulose-1,5-bisphosphate carboxylase/oxygenase large subunit] [protein_id=CAC17827.1] [location=<1..1398] [gbkey=CDS]",72643
106,"lcl|AJ286556.1_cds_CAB71925.1_1 [gene=rbcL] [db_xref=GOA:Q9MTF6,HSSP:1RBL,InterPro:IPR000685,InterPro:IPR017443,InterPro:IPR017444,InterPro:IPR020878,InterPro:IPR020888,UniProtKB/TrEMBL:Q9MTF6] [protein=ribulose-1,5-bisphosphate carboxygenase/oxygenase] [protein_id=CAB71925.1] [location=<1..1434] [gbkey=CDS]",114198
107,"lcl|AY935748.1_cds_AAY19314.1_1 [gene=rbcL] [protein=ribulose-1,5-bisphosphate carboxylase/oxygenase large subunit] [frame=2] [protein_id=AAY19314.1] [location=<1..1395] [gbkey=CDS]",66636
108,"lcl|Y15017.1_cds_CAA75248.1_1 [gene=rbcL] [db_xref=GOA:O19989,InterPro:IPR000685,InterPro:IPR017443,InterPro:IPR017444,InterPro:IPR020878,InterPro:IPR020888,UniProtKB/Swiss-Prot:O19989] [protein=ribulose-1,5-bisphosphate carboxylase/oxygenase large subunit] [frame=2] [protein_id=CAA75248.1] [location=<1..1402] [gbkey=CDS]",66627
109,"lcl|AJ131770.1_cds_CAB62905.1_1 [gene=rbcL] [db_xref=GOA:Q9THY9,HSSP:8RUC,InterPro:IPR000685,InterPro:IPR017443,InterPro:IPR017444,InterPro:IPR020878,InterPro:IPR020888,UniProtKB/TrEMBL:Q9THY9] [protein=ribulose-1,5-bisphosphate carboxylase/oxygenase large subunit] [protein_id=CAB62905.1] [location=<1..1428] [gbkey=CDS]",45189
110,"lcl|AF344493.1_cds_AAK70983.1_1 [gene=rbcL] [protein=ribulose-1,5-bisphosphate carboxylase/oxygenase large subunit] [frame=3] [protein_id=AAK70983.1] [location=<1..1400] [gbkey=CDS]",151847
111,"lcl|AJ235784.1_cds_CAB85661.1_1 [gene=rbcL] [db_xref=GOA:Q9MTT5,HSSP:3RUB,InterPro:IPR000685,InterPro:IPR017443,InterPro:IPR017444,InterPro:IPR020878,InterPro:IPR020888,UniProtKB/TrEMBL:Q9MTT5] [protein=ribulose 1,5-bisphosphate carboxylase/oxygenase] [protein_id=CAB85661.1] [location=<1..1428] [gbkey=CDS]",29755
112,lcl|L11053.1_cds_AAA57239.1_1 [gene=rbcL] [protein=ribulosebisphosphate carboxylase] [protein_id=AAA57239.1] [location=73..1500] [gbkey=CDS],3258
113,"lcl|KC117177.1_cds_AGC26636.1_1 [gene=rbcL] [protein=ribulose 1,5-bisphosphate carboxylase/oxygenase large subunit] [protein_id=AGC26636.1] [location=65454..66881] [gbkey=CDS]",3262
114,"lcl|MH348274.1_cds_QAV57667.1_1 [gene=rbcL] [protein=ribulose-1,5-bisphosphate carboxylase/oxygenase large subunit] [protein_id=QAV57667.1] [location=103362..104789] [gbkey=CDS]",1481379
115,"lcl|AB083295.1_cds_BAC67011.1_1 [gene=rbcL] [protein=ribulose-1,5-bisphosphate carboxylase/oxygenase large subunit] [protein_id=BAC67011.1] [location=647..2083] [gbkey=CDS]",58829
116,"lcl|AB083290.1_cds_BAC67001.1_1 [gene=rbcL] [protein=ribulose-1,5-bisphosphate carboxylase/oxygenase large subunit] [protein_id=BAC67001.1] [location=670..2097] [gbkey=CDS]",41968
117,"lcl|AB083289.1_cds_BAC66999.1_1 [gene=rbcL] [protein=ribulose-1,5-bisphosphate carboxylase/oxygenase large subunit] [protein_id=BAC66999.1] [location=672..2099] [gbkey=CDS]",191650
118,"lcl|MH269300.1_cds_AXX76473.1_1 [gene=rbcL] [protein=ribulose 1,5-bisphosphate carboxylase/oxygenase large subunit] [protein_id=AXX76473.1] [location=17487..18914] [gbkey=CDS]",32108
119,"lcl|KF225594.1_cds_AHA59686.1_1 [gene=rbcL] [protein=ribulose 1,5-bisphosphate carboxylase/oxygenase large subunit] [protein_id=AHA59686.1] [location=68899..70326] [gbkey=CDS]",397682
120,"lcl|MK554796.1_cds_QCD15697.1_1 [gene=rbcL] [protein=ribulose 1,5-bisphosphate carboxylase/oxygenase] [protein_id=QCD15697.1] [location=70326..71753] [gbkey=CDS]",90693
121,"lcl|KF225592.1_cds_AHA59565.1_1 [gene=rbcL] [protein=ribulose 1,5-bisphosphate carboxylase/oxygenase large subunit] [protein_id=AHA59565.1] [location=70043..71470] [gbkey=CDS]",3284
122,"lcl|L12628.2_cds_AAA92149.2_1 [gene=rbcL] [protein=ribulose-1,5-bisphosphate carboxylase/oxygenase large subunit] [frame=3] [protein_id=AAA92149.2] [location=<1..1400] [gbkey=CDS]",13333
123,"lcl|MH050796.1_cds_AWD77744.1_1 [gene=rbcL] [protein=ribulose-1,5-bisphosphate carboxylase/oxygenase large subunit] [protein_id=AWD77744.1] [location=60373..61800] [gbkey=CDS]",38861
124,"lcl|MH050795.1_cds_AWD77659.1_1 [gene=rbcL] [protein=ribulose-1,5-bisphosphate carboxylase/oxygenase large subunit] [protein_id=AWD77659.1] [location=60266..61693] [gbkey=CDS]",2173159
125,"lcl|MG967470.1_cds_AYE68046.1_1 [gene=rbcL] [protein=ribulose-1,5-bisphosphate carboxylase/oxygenase large subunit] [protein_id=AYE68046.1] [location=60061..61485] [gbkey=CDS]",296032
126,"lcl|MG720559.1_cds_AYE67957.1_1 [gene=rbcL] [protein=ribulose-1,5-bisphosphate carboxylase/oxygenase large subunit] [protein_id=AYE67957.1] [location=59417..60841] [gbkey=CDS]",310672